OBJECTID,FID_hatches_Dissolve,FID_B市辖区村级行政边界,ZLDWMC
1,77,-1,
2,99,-1,
3,100,-1,
4,101,-1,
5,114,-1,
6,115,-1,
7,131,-1,
8,163,-1,
9,247,-1,
10,463,-1,
11,610,-1,
12,738,-1,
13,847,-1,
14,1308,-1,
15,1633,-1,
16,1670,-1,
17,1683,-1,
18,1710,-1,
19,1724,-1,
20,1726,-1,
21,1766,-1,
22,1767,-1,
23,1768,-1,
24,1769,-1,
25,1778,-1,
26,1779,-1,
27,1785,-1,
28,1786,-1,
29,1800,-1,
30,1801,-1,
31,1802,-1,
32,1803,-1,
33,1810,-1,
34,1813,-1,
35,1885,-1,
36,2,362,东岭村
37,3,361,西岭村
38,3,362,东岭村
39,3,364,旧县村
40,4,362,东岭村
41,5,332,临西村
42,5,362,东岭村
43,6,332,临西村
44,6,362,东岭村
45,7,361,西岭村
46,7,362,东岭村
47,7,364,旧县村
48,8,332,临西村
49,8,335,临东村
50,9,332,临西村
51,9,335,临东村
52,9,336,鹿渚村
53,10,362,东岭村
54,11,362,东岭村
55,12,332,临西村
56,12,362,东岭村
57,13,332,临西村
58,13,362,东岭村
59,14,335,临东村
60,15,361,西岭村
61,15,362,东岭村
62,16,332,临西村
63,17,345,良丰村
64,17,362,东岭村
65,18,335,临东村
66,19,332,临西村
67,19,345,良丰村
68,19,362,东岭村
69,20,361,西岭村
70,20,362,东岭村
71,20,364,旧县村
72,21,361,西岭村
73,21,362,东岭村
74,22,345,良丰村
75,22,362,东岭村
76,23,346,厚高村
77,23,361,西岭村
78,23,364,旧县村
79,24,332,临西村
80,24,335,临东村
81,25,346,厚高村
82,25,360,湖光岩农场
83,25,364,旧县村
84,26,345,良丰村
85,26,362,东岭村
86,27,345,良丰村
87,27,362,东岭村
88,28,332,临西村
89,28,345,良丰村
90,28,362,东岭村
91,29,332,临西村
92,30,332,临西村
93,30,335,临东村
94,31,332,临西村
95,32,345,良丰村
96,33,345,良丰村
97,33,362,东岭村
98,34,345,良丰村
99,34,362,东岭村
100,35,345,良丰村
101,35,346,厚高村
102,35,361,西岭村
103,35,362,东岭村
104,36,335,临东村
105,36,336,鹿渚村
106,37,332,临西村
107,38,121,北月村
108,38,335,临东村
109,38,336,鹿渚村
110,39,364,旧县村
111,40,345,良丰村
112,41,346,厚高村
113,41,361,西岭村
114,41,364,旧县村
115,42,332,临西村
116,42,335,临东村
117,43,345,良丰村
118,43,346,厚高村
119,43,347,外坡村
120,44,335,临东村
121,44,336,鹿渚村
122,45,345,良丰村
123,46,345,良丰村
124,47,119,调罗村
125,47,121,北月村
126,48,332,临西村
127,48,345,良丰村
128,49,121,北月村
129,49,335,临东村
130,49,336,鹿渚村
131,50,346,厚高村
132,50,347,外坡村
133,50,364,旧县村
134,51,332,临西村
135,52,119,调罗村
136,53,119,调罗村
137,53,121,北月村
138,54,120,宝满村
139,55,121,北月村
140,55,336,鹿渚村
141,56,119,调罗村
142,57,344,群井村
143,57,345,良丰村
144,57,348,月岭村
145,58,345,良丰村
146,58,346,厚高村
147,58,347,外坡村
148,58,348,月岭村
149,59,332,临西村
150,59,333,客路村
151,59,335,临东村
152,59,336,鹿渚村
153,60,348,月岭村
154,61,119,调罗村
155,61,120,宝满村
156,62,119,调罗村
157,63,348,月岭村
158,64,348,月岭村
159,65,344,群井村
160,65,345,良丰村
161,65,348,月岭村
162,66,350,云脚村
163,66,411,园坡村
164,66,412,畅侃村
165,67,119,调罗村
166,67,121,北月村
167,68,121,北月村
168,68,333,客路村
169,68,335,临东村
170,68,336,鹿渚村
171,69,120,宝满村
172,70,411,园坡村
173,70,412,畅侃村
174,71,350,云脚村
175,71,412,畅侃村
176,72,117,仙塘村
177,72,119,调罗村
178,72,120,宝满村
179,73,411,园坡村
180,74,411,园坡村
181,74,412,畅侃村
182,75,350,云脚村
183,75,411,园坡村
184,75,412,畅侃村
185,76,119,调罗村
186,76,120,宝满村
187,76,121,北月村
188,77,412,畅侃村
189,78,117,仙塘村
190,78,120,宝满村
191,79,411,园坡村
192,79,412,畅侃村
193,80,411,园坡村
194,80,412,畅侃村
195,81,411,园坡村
196,81,412,畅侃村
197,82,347,外坡村
198,82,348,月岭村
199,82,364,旧县村
200,83,117,仙塘村
201,83,120,宝满村
202,84,411,园坡村
203,84,412,畅侃村
204,85,411,园坡村
205,85,412,畅侃村
206,86,117,仙塘村
207,86,120,宝满村
208,87,412,畅侃村
209,88,411,园坡村
210,88,412,畅侃村
211,89,412,畅侃村
212,90,332,临西村
213,90,337,祝美村
214,90,344,群井村
215,90,345,良丰村
216,90,348,月岭村
217,91,411,园坡村
218,91,412,畅侃村
219,92,347,外坡村
220,92,348,月岭村
221,93,119,调罗村
222,93,120,宝满村
223,93,121,北月村
224,94,347,外坡村
225,94,412,畅侃村
226,95,347,外坡村
227,95,348,月岭村
228,96,411,园坡村
229,96,412,畅侃村
230,97,120,宝满村
231,97,122,石头村
232,98,412,畅侃村
233,99,412,畅侃村
234,100,412,畅侃村
235,101,412,畅侃村
236,102,120,宝满村
237,103,412,畅侃村
238,104,347,外坡村
239,104,348,月岭村
240,105,412,畅侃村
241,106,412,畅侃村
242,107,347,外坡村
243,107,412,畅侃村
244,108,120,宝满村
245,109,347,外坡村
246,110,122,石头村
247,111,347,外坡村
248,112,412,畅侃村
249,113,120,宝满村
250,113,122,石头村
251,113,123,百儒村
252,114,412,畅侃村
253,115,412,畅侃村
254,116,347,外坡村
255,116,412,畅侃村
256,117,347,外坡村
257,117,412,畅侃村
258,118,412,畅侃村
259,119,412,畅侃村
260,120,347,外坡村
261,120,412,畅侃村
262,121,412,畅侃村
263,122,120,宝满村
264,122,123,百儒村
265,123,122,石头村
266,123,123,百儒村
267,124,122,石头村
268,124,131,友谊街道
269,125,412,畅侃村
270,126,122,石头村
271,126,123,百儒村
272,127,412,畅侃村
273,128,412,畅侃村
274,129,120,宝满村
275,129,123,百儒村
276,129,124,蓬莱村
277,130,131,友谊街道
278,131,412,畅侃村
279,132,405,花村村
280,132,412,畅侃村
281,133,123,百儒村
282,134,123,百儒村
283,134,126,南柳村
284,135,123,百儒村
285,135,125,溪墩村
286,135,126,南柳村
287,136,123,百儒村
288,136,126,南柳村
289,137,131,友谊街道
290,138,122,石头村
291,138,131,友谊街道
292,139,412,畅侃村
293,140,123,百儒村
294,140,124,蓬莱村
295,141,131,友谊街道
296,142,412,畅侃村
297,143,122,石头村
298,143,123,百儒村
299,143,127,建设街道
300,144,123,百儒村
301,144,124,蓬莱村
302,144,125,溪墩村
303,145,347,外坡村
304,145,405,花村村
305,145,412,畅侃村
306,146,131,友谊街道
307,147,412,畅侃村
308,148,124,蓬莱村
309,148,125,溪墩村
310,148,126,南柳村
311,149,412,畅侃村
312,150,131,友谊街道
313,151,127,建设街道
314,152,123,百儒村
315,152,126,南柳村
316,152,127,建设街道
317,153,131,友谊街道
318,154,412,畅侃村
319,155,131,友谊街道
320,156,124,蓬莱村
321,156,125,溪墩村
322,156,146,坛坡村
323,157,405,花村村
324,157,408,聂村村
325,158,131,友谊街道
326,159,124,蓬莱村
327,159,146,坛坡村
328,160,124,蓬莱村
329,160,125,溪墩村
330,160,126,南柳村
331,160,128,南山村
332,161,124,蓬莱村
333,161,126,南柳村
334,162,127,建设街道
335,163,412,畅侃村
336,163,414,新兴村
337,164,127,建设街道
338,165,412,畅侃村
339,165,414,新兴村
340,166,124,蓬莱村
341,166,126,南柳村
342,167,131,友谊街道
343,168,126,南柳村
344,169,146,坛坡村
345,170,127,建设街道
346,171,132,爱国街道
347,172,127,建设街道
348,173,127,建设街道
349,174,131,友谊街道
350,175,131,友谊街道
351,176,124,蓬莱村
352,176,126,南柳村
353,176,128,南山村
354,176,146,坛坡村
355,177,139,新建村
356,177,146,坛坡村
357,178,132,爱国街道
358,179,127,建设街道
359,180,132,爱国街道
360,181,127,建设街道
361,182,128,南山村
362,182,146,坛坡村
363,183,127,建设街道
364,184,132,爱国街道
365,185,126,南柳村
366,185,128,南山村
367,186,191,麻斜村
368,187,127,建设街道
369,188,133,工农街道
370,189,133,工农街道
371,190,132,爱国街道
372,191,133,工农街道
373,192,130,东新街道
374,193,126,南柳村
375,193,127,建设街道
376,193,128,南山村
377,194,130,东新街道
378,195,191,麻斜村
379,196,412,畅侃村
380,196,414,新兴村
381,197,127,建设街道
382,198,191,麻斜村
383,199,128,南山村
384,199,146,坛坡村
385,200,191,麻斜村
386,201,132,爱国街道
387,202,132,爱国街道
388,203,133,工农街道
389,204,191,麻斜村
390,205,139,新建村
391,205,140,坛上村
392,205,146,坛坡村
393,206,191,麻斜村
394,207,191,麻斜村
395,208,133,工农街道
396,209,129,东山村
397,209,130,东新街道
398,210,133,工农街道
399,211,130,东新街道
400,212,130,东新街道
401,213,412,畅侃村
402,213,414,新兴村
403,214,133,工农街道
404,215,139,新建村
405,215,141,岑擎村
406,216,127,建设街道
407,216,128,南山村
408,217,134,解放街道
409,218,133,工农街道
410,219,191,麻斜村
411,220,133,工农街道
412,221,126,南柳村
413,221,127,建设街道
414,221,128,南山村
415,221,129,东山村
416,221,130,东新街道
417,222,139,新建村
418,222,140,坛上村
419,222,146,坛坡村
420,223,134,解放街道
421,224,129,东山村
422,225,130,东新街道
423,226,128,南山村
424,226,146,坛坡村
425,227,129,东山村
426,228,129,东山村
427,228,130,东新街道
428,229,139,新建村
429,229,141,岑擎村
430,230,133,工农街道
431,231,132,爱国街道
432,231,134,解放街道
433,232,134,解放街道
434,233,158,麻斜社区
435,233,191,麻斜村
436,234,128,南山村
437,234,140,坛上村
438,234,146,坛坡村
439,235,134,解放街道
440,236,132,爱国街道
441,236,134,解放街道
442,237,139,新建村
443,238,158,麻斜社区
444,239,141,岑擎村
445,240,133,工农街道
446,241,134,解放街道
447,242,158,麻斜社区
448,243,158,麻斜社区
449,243,191,麻斜村
450,244,127,建设街道
451,244,129,东山村
452,244,147,新村村
453,244,148,新兴街道
454,245,134,解放街道
455,246,158,麻斜社区
456,247,412,畅侃村
457,247,414,新兴村
458,248,127,建设街道
459,248,128,南山村
460,248,148,新兴街道
461,249,158,麻斜社区
462,249,191,麻斜村
463,250,133,工农街道
464,251,139,新建村
465,251,141,岑擎村
466,252,158,麻斜社区
467,253,128,南山村
468,253,146,坛坡村
469,253,148,新兴街道
470,254,120,宝满村
471,254,121,北月村
472,254,123,百儒村
473,254,124,蓬莱村
474,254,139,新建村
475,254,141,岑擎村
476,254,142,东纯村
477,254,146,坛坡村
478,254,332,临西村
479,254,333,客路村
480,254,334,司马村
481,254,335,临东村
482,254,337,祝美村
483,254,343,祝美村
484,254,344,群井村
485,254,347,外坡村
486,254,348,月岭村
487,254,405,花村村
488,254,406,平岭农场
489,254,407,冯村村
490,254,409,古河村
491,254,410,调塾村
492,255,129,东山村
493,255,130,东新街道
494,256,130,东新街道
495,257,139,新建村
496,258,147,新村村
497,258,148,新兴街道
498,259,129,东山村
499,259,147,新村村
500,260,128,南山村
501,260,148,新兴街道
502,261,158,麻斜社区
503,262,134,解放街道
504,263,141,岑擎村
505,264,130,东新街道
506,265,407,冯村村
507,265,409,古河村
508,265,422,英豪村
509,266,408,聂村村
510,266,412,畅侃村
511,266,414,新兴村
512,267,128,南山村
513,267,148,新兴街道
514,268,139,新建村
515,268,141,岑擎村
516,269,130,东新街道
517,270,147,新村村
518,270,148,新兴街道
519,271,133,工农街道
520,272,148,新兴街道
521,273,148,新兴街道
522,274,158,麻斜社区
523,274,191,麻斜村
524,275,129,东山村
525,275,130,东新街道
526,276,130,东新街道
527,277,134,解放街道
528,278,147,新村村
529,278,148,新兴街道
530,279,139,新建村
531,279,141,岑擎村
532,279,143,深田村
533,280,148,新兴街道
534,280,149,后坡村
535,281,141,岑擎村
536,282,139,新建村
537,282,140,坛上村
538,282,143,深田村
539,283,147,新村村
540,283,148,新兴街道
541,284,134,解放街道
542,285,141,岑擎村
543,286,134,解放街道
544,287,148,新兴街道
545,288,129,东山村
546,288,130,东新街道
547,288,147,新村村
548,289,134,解放街道
549,290,148,新兴街道
550,291,149,后坡村
551,292,129,东山村
552,292,130,东新街道
553,292,147,新村村
554,293,139,新建村
555,293,140,坛上村
556,293,143,深田村
557,294,136,新园街道
558,295,135,海滨街道
559,296,148,新兴街道
560,296,149,后坡村
561,297,141,岑擎村
562,297,143,深田村
563,298,136,新园街道
564,299,143,深田村
565,300,130,东新街道
566,300,147,新村村
567,301,147,新村村
568,301,148,新兴街道
569,302,140,坛上村
570,302,143,深田村
571,302,146,坛坡村
572,302,148,新兴街道
573,302,149,后坡村
574,303,147,新村村
575,303,148,新兴街道
576,304,147,新村村
577,304,148,新兴街道
578,305,407,冯村村
579,305,409,古河村
580,305,422,英豪村
581,306,148,新兴街道
582,307,149,后坡村
583,308,191,麻斜村
584,309,158,麻斜社区
585,309,191,麻斜村
586,310,141,岑擎村
587,311,143,深田村
588,312,409,古河村
589,312,422,英豪村
590,313,149,后坡村
591,314,143,深田村
592,315,148,新兴街道
593,315,149,后坡村
594,316,148,新兴街道
595,317,148,新兴街道
596,318,148,新兴街道
597,319,141,岑擎村
598,319,143,深田村
599,319,144,西厅村
600,320,408,聂村村
601,320,412,畅侃村
602,320,413,新兴村
603,320,414,新兴村
604,320,422,英豪村
605,321,149,后坡村
606,322,135,海滨街道
607,323,148,新兴街道
608,324,143,深田村
609,325,136,新园街道
610,326,148,新兴街道
611,326,149,后坡村
612,327,143,深田村
613,328,148,新兴街道
614,329,148,新兴街道
615,330,148,新兴街道
616,331,143,深田村
617,331,144,西厅村
618,332,405,花村村
619,332,408,聂村村
620,332,409,古河村
621,332,412,畅侃村
622,332,422,英豪村
623,333,148,新兴街道
624,333,149,后坡村
625,334,136,新园街道
626,335,148,新兴街道
627,336,148,新兴街道
628,337,147,新村村
629,337,148,新兴街道
630,338,143,深田村
631,339,149,后坡村
632,340,175,博立村
633,341,148,新兴街道
634,342,149,后坡村
635,343,143,深田村
636,344,175,博立村
637,345,135,海滨街道
638,346,149,后坡村
639,347,143,深田村
640,348,191,麻斜村
641,349,149,后坡村
642,350,143,深田村
643,351,148,新兴街道
644,352,149,后坡村
645,353,148,新兴街道
646,354,190,麻新村
647,354,191,麻斜村
648,355,143,深田村
649,356,136,新园街道
650,357,149,后坡村
651,358,148,新兴街道
652,359,148,新兴街道
653,359,149,后坡村
654,360,143,深田村
655,361,148,新兴街道
656,362,407,冯村村
657,362,409,古河村
658,362,410,调塾村
659,363,136,新园街道
660,364,148,新兴街道
661,365,148,新兴街道
662,366,143,深田村
663,367,191,麻斜村
664,368,135,海滨街道
665,368,137,乐华街道
666,369,136,新园街道
667,370,407,冯村村
668,370,410,调塾村
669,371,409,古河村
670,371,410,调塾村
671,372,149,后坡村
672,373,148,新兴街道
673,374,143,深田村
674,374,149,后坡村
675,375,141,岑擎村
676,375,143,深田村
677,375,144,西厅村
678,376,148,新兴街道
679,377,143,深田村
680,377,149,后坡村
681,378,409,古河村
682,378,422,英豪村
683,379,149,后坡村
684,380,175,博立村
685,381,148,新兴街道
686,381,149,后坡村
687,382,127,建设街道
688,382,148,新兴街道
689,382,149,后坡村
690,383,149,后坡村
691,384,142,东纯村
692,384,410,调塾村
693,384,417,沙沟尾村
694,385,143,深田村
695,385,144,西厅村
696,386,148,新兴街道
697,386,150,菉塘村
698,387,191,麻斜村
699,388,136,新园街道
700,389,409,古河村
701,389,422,英豪村
702,390,191,麻斜村
703,391,410,调塾村
704,392,410,调塾村
705,393,410,调塾村
706,394,410,调塾村
707,395,141,岑擎村
708,395,142,东纯村
709,395,144,西厅村
710,395,410,调塾村
711,395,417,沙沟尾村
712,396,136,新园街道
713,396,137,乐华街道
714,397,149,后坡村
715,398,143,深田村
716,398,144,西厅村
717,398,149,后坡村
718,399,136,新园街道
719,400,137,乐华街道
720,401,409,古河村
721,401,410,调塾村
722,402,148,新兴街道
723,403,144,西厅村
724,403,149,后坡村
725,404,148,新兴街道
726,405,136,新园街道
727,406,148,新兴街道
728,407,136,新园街道
729,408,148,新兴街道
730,409,136,新园街道
731,410,149,后坡村
732,411,148,新兴街道
733,412,149,后坡村
734,413,148,新兴街道
735,413,149,后坡村
736,414,143,深田村
737,414,149,后坡村
738,415,410,调塾村
739,416,410,调塾村
740,417,410,调塾村
741,418,410,调塾村
742,419,409,古河村
743,419,410,调塾村
744,420,137,乐华街道
745,421,148,新兴街道
746,421,150,菉塘村
747,422,136,新园街道
748,423,149,后坡村
749,424,409,古河村
750,425,135,海滨街道
751,425,137,乐华街道
752,426,410,调塾村
753,427,136,新园街道
754,427,137,乐华街道
755,428,172,高山村
756,428,175,博立村
757,429,149,后坡村
758,430,137,乐华街道
759,431,409,古河村
760,431,422,英豪村
761,432,149,后坡村
762,433,172,高山村
763,434,410,调塾村
764,435,410,调塾村
765,436,144,西厅村
766,437,149,后坡村
767,438,136,新园街道
768,438,137,乐华街道
769,439,148,新兴街道
770,439,149,后坡村
771,439,152,屋山村
772,440,172,高山村
773,441,144,西厅村
774,441,149,后坡村
775,442,149,后坡村
776,442,151,后洋村
777,443,148,新兴街道
778,443,150,菉塘村
779,443,152,屋山村
780,444,137,乐华街道
781,444,148,新兴街道
782,444,150,菉塘村
783,445,172,高山村
784,446,144,西厅村
785,447,144,西厅村
786,447,145,陈铁村
787,447,149,后坡村
788,448,148,新兴街道
789,448,150,菉塘村
790,449,190,麻新村
791,449,191,麻斜村
792,450,136,新园街道
793,450,137,乐华街道
794,451,149,后坡村
795,451,151,后洋村
796,452,144,西厅村
797,453,410,调塾村
798,454,410,调塾村
799,455,410,调塾村
800,456,410,调塾村
801,457,191,麻斜村
802,458,136,新园街道
803,458,137,乐华街道
804,459,149,后坡村
805,460,144,西厅村
806,461,172,高山村
807,461,174,新塘村
808,461,190,麻新村
809,462,137,乐华街道
810,463,120,宝满村
811,463,122,石头村
812,463,131,友谊街道
813,463,132,爱国街道
814,463,134,解放街道
815,463,135,海滨街道
816,463,137,乐华街道
817,464,150,菉塘村
818,465,149,后坡村
819,466,144,西厅村
820,467,149,后坡村
821,468,136,新园街道
822,468,137,乐华街道
823,469,409,古河村
824,469,422,英豪村
825,470,145,陈铁村
826,470,149,后坡村
827,471,149,后坡村
828,471,152,屋山村
829,472,144,西厅村
830,472,145,陈铁村
831,473,190,麻新村
832,473,191,麻斜村
833,474,410,调塾村
834,475,148,新兴街道
835,475,152,屋山村
836,476,137,乐华街道
837,476,150,菉塘村
838,477,422,英豪村
839,478,145,陈铁村
840,478,149,后坡村
841,479,190,麻新村
842,479,191,麻斜村
843,480,149,后坡村
844,480,151,后洋村
845,481,149,后坡村
846,481,151,后洋村
847,482,144,西厅村
848,483,409,古河村
849,483,410,调塾村
850,483,422,英豪村
851,484,137,乐华街道
852,485,144,西厅村
853,485,145,陈铁村
854,486,148,新兴街道
855,486,150,菉塘村
856,486,152,屋山村
857,487,137,乐华街道
858,488,408,聂村村
859,488,422,英豪村
860,489,145,陈铁村
861,490,149,后坡村
862,491,136,新园街道
863,491,137,乐华街道
864,492,410,调塾村
865,492,417,沙沟尾村
866,492,418,李家村
867,492,419,大塘村
868,493,150,菉塘村
869,494,137,乐华街道
870,495,410,调塾村
871,496,150,菉塘村
872,497,145,陈铁村
873,498,144,西厅村
874,498,416,厚礼南村
875,498,417,沙沟尾村
876,498,418,李家村
877,498,419,大塘村
878,499,410,调塾村
879,500,137,乐华街道
880,500,150,菉塘村
881,501,149,后坡村
882,502,416,厚礼南村
883,502,418,李家村
884,502,419,大塘村
885,503,137,乐华街道
886,504,145,陈铁村
887,504,149,后坡村
888,505,144,西厅村
889,505,145,陈铁村
890,506,410,调塾村
891,507,149,后坡村
892,507,151,后洋村
893,508,137,乐华街道
894,509,410,调塾村
895,510,137,乐华街道
896,511,145,陈铁村
897,511,149,后坡村
898,511,151,后洋村
899,512,190,麻新村
900,513,137,乐华街道
901,514,190,麻新村
902,515,144,西厅村
903,515,145,陈铁村
904,516,149,后坡村
905,516,152,屋山村
906,517,422,英豪村
907,518,145,陈铁村
908,518,151,后洋村
909,519,189,南调村
910,519,190,麻新村
911,519,191,麻斜村
912,520,152,屋山村
913,521,137,乐华街道
914,522,145,陈铁村
915,523,152,屋山村
916,524,137,乐华街道
917,525,137,乐华街道
918,526,410,调塾村
919,526,422,英豪村
920,527,149,后坡村
921,527,151,后洋村
922,527,153,楼下村
923,528,145,陈铁村
924,529,151,后洋村
925,530,145,陈铁村
926,530,149,后坡村
927,531,158,麻斜社区
928,531,189,南调村
929,531,191,麻斜村
930,532,137,乐华街道
931,533,410,调塾村
932,533,418,李家村
933,534,145,陈铁村
934,535,410,调塾村
935,535,422,英豪村
936,536,137,乐华街道
937,537,145,陈铁村
938,538,189,南调村
939,538,190,麻新村
940,539,190,麻新村
941,540,410,调塾村
942,541,144,西厅村
943,541,416,厚礼南村
944,541,419,大塘村
945,542,410,调塾村
946,543,410,调塾村
947,544,137,乐华街道
948,544,138,上乐华街道
949,545,410,调塾村
950,546,410,调塾村
951,547,189,南调村
952,547,190,麻新村
953,548,145,陈铁村
954,548,149,后坡村
955,549,137,乐华街道
956,549,138,上乐华街道
957,550,137,乐华街道
958,551,145,陈铁村
959,552,137,乐华街道
960,552,138,上乐华街道
961,553,149,后坡村
962,553,151,后洋村
963,553,152,屋山村
964,553,153,楼下村
965,554,410,调塾村
966,555,189,南调村
967,555,190,麻新村
968,556,418,李家村
969,556,419,大塘村
970,557,410,调塾村
971,557,418,李家村
972,557,419,大塘村
973,558,144,西厅村
974,558,145,陈铁村
975,559,145,陈铁村
976,560,416,厚礼南村
977,560,419,大塘村
978,560,420,厚礼北村
979,561,137,乐华街道
980,561,138,上乐华街道
981,562,151,后洋村
982,562,153,楼下村
983,563,145,陈铁村
984,563,151,后洋村
985,564,410,调塾村
986,564,418,李家村
987,565,145,陈铁村
988,566,137,乐华街道
989,567,189,南调村
990,568,137,乐华街道
991,569,137,乐华街道
992,569,138,上乐华街道
993,570,152,屋山村
994,571,145,陈铁村
995,572,138,上乐华街道
996,573,189,南调村
997,574,145,陈铁村
998,575,189,南调村
999,575,190,麻新村
1000,576,189,南调村
1001,576,190,麻新村
1002,577,153,楼下村
1003,578,145,陈铁村
1004,579,410,调塾村
1005,579,418,李家村
1006,580,422,英豪村
1007,581,410,调塾村
1008,581,422,英豪村
1009,582,410,调塾村
1010,582,422,英豪村
1011,583,410,调塾村
1012,584,410,调塾村
1013,585,410,调塾村
1014,585,422,英豪村
1015,586,138,上乐华街道
1016,587,138,上乐华街道
1017,588,145,陈铁村
1018,589,145,陈铁村
1019,589,151,后洋村
1020,590,189,南调村
1021,590,190,麻新村
1022,591,152,屋山村
1023,591,153,楼下村
1024,592,151,后洋村
1025,592,153,楼下村
1026,593,145,陈铁村
1027,593,151,后洋村
1028,593,153,楼下村
1029,594,137,乐华街道
1030,594,138,上乐华街道
1031,594,150,菉塘村
1032,594,152,屋山村
1033,595,138,上乐华街道
1034,596,189,南调村
1035,596,190,麻新村
1036,597,418,李家村
1037,598,137,乐华街道
1038,599,189,南调村
1039,600,420,厚礼北村
1040,600,421,白水坡村
1041,601,138,上乐华街道
1042,602,153,楼下村
1043,603,144,西厅村
1044,603,145,陈铁村
1045,603,420,厚礼北村
1046,603,421,白水坡村
1047,604,137,乐华街道
1048,604,138,上乐华街道
1049,605,190,麻新村
1050,606,189,南调村
1051,606,190,麻新村
1052,607,189,南调村
1053,608,145,陈铁村
1054,608,421,白水坡村
1055,609,138,上乐华街道
1056,610,137,乐华街道
1057,611,7,泉庄街道
1058,611,138,上乐华街道
1059,612,145,陈铁村
1060,613,189,南调村
1061,614,137,乐华街道
1062,615,189,南调村
1063,616,145,陈铁村
1064,617,416,厚礼南村
1065,617,420,厚礼北村
1066,618,189,南调村
1067,618,190,麻新村
1068,619,189,南调村
1069,620,152,屋山村
1070,621,145,陈铁村
1071,622,419,大塘村
1072,622,420,厚礼北村
1073,623,137,乐华街道
1074,624,152,屋山村
1075,624,153,楼下村
1076,625,1,草苏村
1077,625,145,陈铁村
1078,626,189,南调村
1079,627,419,大塘村
1080,627,420,厚礼北村
1081,628,421,白水坡村
1082,629,189,南调村
1083,630,145,陈铁村
1084,631,137,乐华街道
1085,631,138,上乐华街道
1086,632,422,英豪村
1087,633,189,南调村
1088,634,422,英豪村
1089,635,418,李家村
1090,635,419,大塘村
1091,636,7,泉庄街道
1092,636,138,上乐华街道
1093,637,422,英豪村
1094,638,137,乐华街道
1095,639,138,上乐华街道
1096,640,152,屋山村
1097,641,410,调塾村
1098,641,422,英豪村
1099,642,189,南调村
1100,643,189,南调村
1101,644,153,楼下村
1102,645,189,南调村
1103,646,410,调塾村
1104,646,418,李家村
1105,646,419,大塘村
1106,647,189,南调村
1107,648,1,草苏村
1108,648,145,陈铁村
1109,648,421,白水坡村
1110,649,410,调塾村
1111,649,418,李家村
1112,649,422,英豪村
1113,650,420,厚礼北村
1114,651,189,南调村
1115,652,137,乐华街道
1116,653,189,南调村
1117,654,1,草苏村
1118,654,145,陈铁村
1119,654,153,楼下村
1120,655,138,上乐华街道
1121,656,1,草苏村
1122,656,145,陈铁村
1123,657,420,厚礼北村
1124,657,446,谢家村
1125,658,189,南调村
1126,659,138,上乐华街道
1127,660,419,大塘村
1128,660,420,厚礼北村
1129,661,7,泉庄街道
1130,661,8,文保村
1131,661,138,上乐华街道
1132,661,152,屋山村
1133,662,137,乐华街道
1134,663,1,草苏村
1135,663,421,白水坡村
1136,664,189,南调村
1137,664,190,麻新村
1138,665,1,草苏村
1139,665,421,白水坡村
1140,666,189,南调村
1141,667,422,英豪村
1142,668,419,大塘村
1143,669,422,英豪村
1144,670,189,南调村
1145,671,189,南调村
1146,672,422,英豪村
1147,673,137,乐华街道
1148,674,1,草苏村
1149,674,421,白水坡村
1150,675,138,上乐华街道
1151,676,153,楼下村
1152,677,189,南调村
1153,678,138,上乐华街道
1154,679,1,草苏村
1155,680,189,南调村
1156,681,1,草苏村
1157,681,144,西厅村
1158,681,416,厚礼南村
1159,681,420,厚礼北村
1160,681,421,白水坡村
1161,682,189,南调村
1162,683,420,厚礼北村
1163,683,446,谢家村
1164,684,137,乐华街道
1165,685,174,新塘村
1166,685,190,麻新村
1167,686,189,南调村
1168,687,138,上乐华街道
1169,688,152,屋山村
1170,688,153,楼下村
1171,689,1,草苏村
1172,690,420,厚礼北村
1173,690,446,谢家村
1174,691,189,南调村
1175,692,189,南调村
1176,693,138,上乐华街道
1177,694,138,上乐华街道
1178,695,189,南调村
1179,696,1,草苏村
1180,696,145,陈铁村
1181,696,153,楼下村
1182,697,138,上乐华街道
1183,698,189,南调村
1184,699,419,大塘村
1185,699,420,厚礼北村
1186,699,446,谢家村
1187,700,1,草苏村
1188,700,145,陈铁村
1189,701,419,大塘村
1190,702,189,南调村
1191,703,189,南调村
1192,704,7,泉庄街道
1193,704,138,上乐华街道
1194,705,419,大塘村
1195,706,422,英豪村
1196,706,424,笃豪村
1197,707,138,上乐华街道
1198,708,414,新兴村
1199,708,422,英豪村
1200,708,430,迈合村
1201,708,431,迈龙村
1202,709,422,英豪村
1203,709,424,笃豪村
1204,710,422,英豪村
1205,710,424,笃豪村
1206,711,422,英豪村
1207,711,424,笃豪村
1208,712,189,南调村
1209,713,174,新塘村
1210,713,189,南调村
1211,713,190,麻新村
1212,714,410,调塾村
1213,714,418,李家村
1214,714,419,大塘村
1215,715,410,调塾村
1216,715,422,英豪村
1217,715,424,笃豪村
1218,716,412,畅侃村
1219,716,414,新兴村
1220,716,422,英豪村
1221,716,430,迈合村
1222,716,431,迈龙村
1223,717,8,文保村
1224,717,152,屋山村
1225,717,153,楼下村
1226,718,422,英豪村
1227,718,430,迈合村
1228,719,410,调塾村
1229,719,419,大塘村
1230,719,425,城家内村
1231,720,153,楼下村
1232,721,410,调塾村
1233,721,418,李家村
1234,721,422,英豪村
1235,721,423,鸭曹村
1236,721,424,笃豪村
1237,721,425,城家内村
1238,722,1,草苏村
1239,723,138,上乐华街道
1240,724,138,上乐华街道
1241,725,137,乐华街道
1242,725,138,上乐华街道
1243,726,446,谢家村
1244,727,137,乐华街道
1245,727,138,上乐华街道
1246,728,189,南调村
1247,729,1,草苏村
1248,729,421,白水坡村
1249,730,189,南调村
1250,731,189,南调村
1251,732,1,草苏村
1252,732,153,楼下村
1253,733,446,谢家村
1254,734,1,草苏村
1255,734,153,楼下村
1256,735,153,楼下村
1257,736,189,南调村
1258,737,138,上乐华街道
1259,738,189,南调村
1260,738,191,麻斜村
1261,739,1,草苏村
1262,739,145,陈铁村
1263,740,1,草苏村
1264,741,419,大塘村
1265,741,446,谢家村
1266,742,8,文保村
1267,742,152,屋山村
1268,743,189,南调村
1269,744,174,新塘村
1270,744,189,南调村
1271,745,419,大塘村
1272,745,425,城家内村
1273,745,446,谢家村
1274,746,138,上乐华街道
1275,747,189,南调村
1276,748,419,大塘村
1277,748,425,城家内村
1278,749,189,南调村
1279,750,189,南调村
1280,751,138,上乐华街道
1281,752,189,南调村
1282,753,138,上乐华街道
1283,754,7,泉庄街道
1284,755,7,泉庄街道
1285,755,8,文保村
1286,756,189,南调村
1287,757,189,南调村
1288,758,430,迈合村
1289,759,1,草苏村
1290,760,7,泉庄街道
1291,760,138,上乐华街道
1292,761,189,南调村
1293,762,422,英豪村
1294,762,424,笃豪村
1295,762,430,迈合村
1296,763,424,笃豪村
1297,764,424,笃豪村
1298,765,424,笃豪村
1299,766,424,笃豪村
1300,767,422,英豪村
1301,767,424,笃豪村
1302,768,422,英豪村
1303,768,423,鸭曹村
1304,768,424,笃豪村
1305,769,422,英豪村
1306,769,423,鸭曹村
1307,769,425,城家内村
1308,770,425,城家内村
1309,771,189,南调村
1310,772,189,南调村
1311,773,189,南调村
1312,774,189,南调村
1313,775,1,草苏村
1314,775,420,厚礼北村
1315,775,446,谢家村
1316,775,447,谢家内村
1317,776,1,草苏村
1318,777,189,南调村
1319,778,156,麻东村
1320,778,174,新塘村
1321,778,189,南调村
1322,779,7,泉庄街道
1323,779,138,上乐华街道
1324,780,189,南调村
1325,781,446,谢家村
1326,781,447,谢家内村
1327,782,1,草苏村
1328,783,8,文保村
1329,784,189,南调村
1330,785,7,泉庄街道
1331,785,138,上乐华街道
1332,786,189,南调村
1333,787,189,南调村
1334,788,1,草苏村
1335,789,189,南调村
1336,790,446,谢家村
1337,790,447,谢家内村
1338,791,424,笃豪村
1339,792,424,笃豪村
1340,793,419,大塘村
1341,793,426,城家外村
1342,793,446,谢家村
1343,794,419,大塘村
1344,794,425,城家内村
1345,794,426,城家外村
1346,794,446,谢家村
1347,795,424,笃豪村
1348,796,424,笃豪村
1349,796,430,迈合村
1350,797,425,城家内村
1351,797,426,城家外村
1352,798,425,城家内村
1353,799,7,泉庄街道
1354,800,424,笃豪村
1355,801,423,鸭曹村
1356,801,425,城家内村
1357,802,189,南调村
1358,803,424,笃豪村
1359,804,7,泉庄街道
1360,805,189,南调村
1361,806,189,南调村
1362,807,189,南调村
1363,808,430,迈合村
1364,809,430,迈合村
1365,810,1,草苏村
1366,811,174,新塘村
1367,812,189,南调村
1368,813,189,南调村
1369,814,426,城家外村
1370,814,446,谢家村
1371,814,447,谢家内村
1372,815,423,鸭曹村
1373,815,424,笃豪村
1374,816,189,南调村
1375,817,189,南调村
1376,818,189,南调村
1377,819,7,泉庄街道
1378,819,138,上乐华街道
1379,820,189,南调村
1380,821,423,鸭曹村
1381,821,425,城家内村
1382,822,189,南调村
1383,823,426,城家外村
1384,824,425,城家内村
1385,825,189,南调村
1386,826,7,泉庄街道
1387,826,8,文保村
1388,827,1,草苏村
1389,827,153,楼下村
1390,828,1,草苏村
1391,829,156,麻东村
1392,829,174,新塘村
1393,829,189,南调村
1394,830,7,泉庄街道
1395,831,426,城家外村
1396,832,425,城家内村
1397,832,426,城家外村
1398,833,7,泉庄街道
1399,834,189,南调村
1400,835,424,笃豪村
1401,835,430,迈合村
1402,836,423,鸭曹村
1403,836,424,笃豪村
1404,837,423,鸭曹村
1405,837,425,城家内村
1406,838,431,迈龙村
1407,838,433,高阳村
1408,839,430,迈合村
1409,839,431,迈龙村
1410,840,430,迈合村
1411,841,189,南调村
1412,842,189,南调村
1413,843,174,新塘村
1414,844,189,南调村
1415,845,189,南调村
1416,846,426,城家外村
1417,846,427,黄外社区
1418,846,446,谢家村
1419,846,447,谢家内村
1420,846,448,谢家外村
1421,847,189,南调村
1422,848,189,南调村
1423,849,189,南调村
1424,850,7,泉庄街道
1425,851,174,新塘村
1426,852,156,麻东村
1427,852,189,南调村
1428,853,7,泉庄街道
1429,854,4,百姓村
1430,854,8,文保村
1431,855,7,泉庄街道
1432,856,189,南调村
1433,857,189,南调村
1434,858,189,南调村
1435,859,189,南调村
1436,860,170,塘博村
1437,860,174,新塘村
1438,861,189,南调村
1439,862,1,草苏村
1440,863,189,南调村
1441,864,189,南调村
1442,865,189,南调村
1443,866,1,草苏村
1444,866,447,谢家内村
1445,866,448,谢家外村
1446,866,452,云头下村
1447,867,189,南调村
1448,868,447,谢家内村
1449,868,448,谢家外村
1450,869,422,英豪村
1451,869,424,笃豪村
1452,869,430,迈合村
1453,870,447,谢家内村
1454,870,448,谢家外村
1455,871,174,新塘村
1456,872,423,鸭曹村
1457,872,424,笃豪村
1458,872,425,城家内村
1459,872,426,城家外村
1460,873,426,城家外村
1461,873,427,黄外社区
1462,873,447,谢家内村
1463,873,448,谢家外村
1464,874,425,城家内村
1465,874,426,城家外村
1466,874,427,黄外社区
1467,875,423,鸭曹村
1468,875,424,笃豪村
1469,876,424,笃豪村
1470,877,424,笃豪村
1471,878,174,新塘村
1472,879,424,笃豪村
1473,880,424,笃豪村
1474,881,189,南调村
1475,882,189,南调村
1476,883,7,泉庄街道
1477,884,7,泉庄街道
1478,885,170,塘博村
1479,886,7,泉庄街道
1480,887,189,南调村
1481,888,8,文保村
1482,889,7,泉庄街道
1483,890,174,新塘村
1484,891,1,草苏村
1485,892,170,塘博村
1486,892,174,新塘村
1487,893,7,泉庄街道
1488,894,4,百姓村
1489,894,8,文保村
1490,895,7,泉庄街道
1491,895,8,文保村
1492,896,170,塘博村
1493,897,1,草苏村
1494,898,156,麻东村
1495,898,189,南调村
1496,899,447,谢家内村
1497,899,448,谢家外村
1498,899,453,后河村
1499,900,427,黄外社区
1500,900,447,谢家内村
1501,900,448,谢家外村
1502,900,453,后河村
1503,901,431,迈龙村
1504,902,431,迈龙村
1505,903,431,迈龙村
1506,903,433,高阳村
1507,904,170,塘博村
1508,905,7,泉庄街道
1509,905,11,沙湾街道
1510,906,156,麻东村
1511,906,174,新塘村
1512,907,430,迈合村
1513,907,431,迈龙村
1514,908,170,塘博村
1515,909,170,塘博村
1516,910,156,麻东村
1517,910,189,南调村
1518,911,1,草苏村
1519,911,4,百姓村
1520,911,8,文保村
1521,912,4,百姓村
1522,912,8,文保村
1523,913,4,百姓村
1524,914,7,泉庄街道
1525,914,11,沙湾街道
1526,915,170,塘博村
1527,916,156,麻东村
1528,916,174,新塘村
1529,916,189,南调村
1530,917,423,鸭曹村
1531,917,430,迈合村
1532,918,164,坡头社区
1533,918,170,塘博村
1534,919,154,麻西社区
1535,919,189,南调村
1536,920,154,麻西社区
1537,920,189,南调村
1538,921,164,坡头社区
1539,921,170,塘博村
1540,921,174,新塘村
1541,922,8,文保村
1542,923,1,草苏村
1543,924,156,麻东村
1544,925,7,泉庄街道
1545,925,8,文保村
1546,925,11,沙湾街道
1547,926,423,鸭曹村
1548,926,430,迈合村
1549,927,164,坡头社区
1550,927,170,塘博村
1551,928,156,麻东村
1552,929,154,麻西社区
1553,929,189,南调村
1554,930,156,麻东村
1555,930,171,塘博村
1556,931,156,麻东村
1557,932,164,坡头社区
1558,932,170,塘博村
1559,933,156,麻东村
1560,934,156,麻东村
1561,935,7,泉庄街道
1562,935,11,沙湾街道
1563,936,427,黄外社区
1564,936,453,后河村
1565,937,427,黄外社区
1566,937,453,后河村
1567,938,427,黄外社区
1568,939,423,鸭曹村
1569,939,426,城家外村
1570,939,427,黄外社区
1571,940,453,后河村
1572,941,423,鸭曹村
1573,941,424,笃豪村
1574,941,426,城家外村
1575,942,423,鸭曹村
1576,942,424,笃豪村
1577,943,423,鸭曹村
1578,943,424,笃豪村
1579,944,423,鸭曹村
1580,944,424,笃豪村
1581,945,164,坡头社区
1582,946,7,泉庄街道
1583,946,11,沙湾街道
1584,947,156,麻东村
1585,948,7,泉庄街道
1586,948,11,沙湾街道
1587,949,170,塘博村
1588,950,171,塘博村
1589,951,156,麻东村
1590,952,156,麻东村
1591,953,156,麻东村
1592,953,174,新塘村
1593,954,156,麻东村
1594,955,154,麻西社区
1595,955,156,麻东村
1596,956,156,麻东村
1597,957,156,麻东村
1598,958,164,坡头社区
1599,959,8,文保村
1600,960,154,麻西社区
1601,961,154,麻西社区
1602,961,189,南调村
1603,962,154,麻西社区
1604,963,154,麻西社区
1605,964,11,沙湾街道
1606,965,156,麻东村
1607,966,448,谢家外村
1608,966,449,云头上村
1609,966,450,政通社区
1610,966,452,云头下村
1611,966,453,后河村
1612,967,164,坡头社区
1613,967,170,塘博村
1614,968,1,草苏村
1615,968,4,百姓村
1616,969,156,麻东村
1617,970,154,麻西社区
1618,971,430,迈合村
1619,971,431,迈龙村
1620,972,156,麻东村
1621,972,171,塘博村
1622,973,431,迈龙村
1623,973,433,高阳村
1624,974,423,鸭曹村
1625,974,427,黄外社区
1626,975,8,文保村
1627,975,11,沙湾街道
1628,976,423,鸭曹村
1629,976,427,黄外社区
1630,977,154,麻西社区
1631,978,427,黄外社区
1632,978,450,政通社区
1633,978,453,后河村
1634,979,1,草苏村
1635,979,2,陈屋港村
1636,980,164,坡头社区
1637,980,170,塘博村
1638,981,423,鸭曹村
1639,982,4,百姓村
1640,983,171,塘博村
1641,984,4,百姓村
1642,984,8,文保村
1643,985,171,塘博村
1644,986,4,百姓村
1645,987,430,迈合村
1646,987,431,迈龙村
1647,988,431,迈龙村
1648,989,11,沙湾街道
1649,990,155,林口村
1650,990,156,麻东村
1651,991,8,文保村
1652,991,11,沙湾街道
1653,992,427,黄外社区
1654,993,427,黄外社区
1655,993,450,政通社区
1656,994,8,文保村
1657,994,11,沙湾街道
1658,995,171,塘博村
1659,996,154,麻西社区
1660,997,450,政通社区
1661,998,156,麻东村
1662,999,4,百姓村
1663,999,8,文保村
1664,1000,156,麻东村
1665,1001,11,沙湾街道
1666,1002,164,坡头社区
1667,1003,423,鸭曹村
1668,1003,430,迈合村
1669,1004,171,塘博村
1670,1005,154,麻西社区
1671,1005,155,林口村
1672,1005,156,麻东村
1673,1006,154,麻西社区
1674,1006,155,林口村
1675,1007,154,麻西社区
1676,1008,423,鸭曹村
1677,1009,155,林口村
1678,1009,156,麻东村
1679,1010,154,麻西社区
1680,1011,156,麻东村
1681,1012,156,麻东村
1682,1013,11,沙湾街道
1683,1014,1,草苏村
1684,1014,449,云头上村
1685,1014,452,云头下村
1686,1015,423,鸭曹村
1687,1016,164,坡头社区
1688,1016,170,塘博村
1689,1017,423,鸭曹村
1690,1018,154,麻西社区
1691,1019,156,麻东村
1692,1020,154,麻西社区
1693,1021,164,坡头社区
1694,1021,170,塘博村
1695,1022,154,麻西社区
1696,1023,2,陈屋港村
1697,1023,4,百姓村
1698,1024,423,鸭曹村
1699,1024,427,黄外社区
1700,1025,423,鸭曹村
1701,1025,427,黄外社区
1702,1026,8,文保村
1703,1026,11,沙湾街道
1704,1027,423,鸭曹村
1705,1028,156,麻东村
1706,1029,423,鸭曹村
1707,1029,427,黄外社区
1708,1030,154,麻西社区
1709,1030,155,林口村
1710,1030,156,麻东村
1711,1031,449,云头上村
1712,1031,450,政通社区
1713,1031,453,后河村
1714,1032,1,草苏村
1715,1032,6,中华街道
1716,1032,449,云头上村
1717,1032,452,云头下村
1718,1033,171,塘博村
1719,1034,164,坡头社区
1720,1035,154,麻西社区
1721,1036,154,麻西社区
1722,1036,155,林口村
1723,1037,450,政通社区
1724,1038,11,沙湾街道
1725,1039,4,百姓村
1726,1040,156,麻东村
1727,1041,164,坡头社区
1728,1041,171,塘博村
1729,1042,154,麻西社区
1730,1042,155,林口村
1731,1042,156,麻东村
1732,1043,4,百姓村
1733,1044,156,麻东村
1734,1045,11,沙湾街道
1735,1046,4,百姓村
1736,1047,423,鸭曹村
1737,1048,423,鸭曹村
1738,1049,423,鸭曹村
1739,1050,154,麻西社区
1740,1051,154,麻西社区
1741,1052,154,麻西社区
1742,1053,4,百姓村
1743,1054,171,塘博村
1744,1055,154,麻西社区
1745,1056,450,政通社区
1746,1057,2,陈屋港村
1747,1057,4,百姓村
1748,1058,8,文保村
1749,1058,11,沙湾街道
1750,1059,154,麻西社区
1751,1060,450,政通社区
1752,1061,450,政通社区
1753,1062,423,鸭曹村
1754,1062,424,笃豪村
1755,1062,430,迈合村
1756,1063,11,沙湾街道
1757,1064,4,百姓村
1758,1065,165,麻登村
1759,1065,170,塘博村
1760,1066,423,鸭曹村
1761,1067,4,百姓村
1762,1068,155,林口村
1763,1068,156,麻东村
1764,1069,154,麻西社区
1765,1070,154,麻西社区
1766,1071,154,麻西社区
1767,1072,154,麻西社区
1768,1072,155,林口村
1769,1073,156,麻东村
1770,1073,171,塘博村
1771,1074,423,鸭曹村
1772,1075,4,百姓村
1773,1076,423,鸭曹村
1774,1076,428,福民社区
1775,1076,450,政通社区
1776,1077,423,鸭曹村
1777,1078,423,鸭曹村
1778,1079,164,坡头社区
1779,1079,165,麻登村
1780,1079,170,塘博村
1781,1080,423,鸭曹村
1782,1081,11,沙湾街道
1783,1082,423,鸭曹村
1784,1082,428,福民社区
1785,1083,154,麻西社区
1786,1084,154,麻西社区
1787,1085,154,麻西社区
1788,1086,2,陈屋港村
1789,1086,3,农场村
1790,1086,6,中华街道
1791,1087,156,麻东村
1792,1087,165,麻登村
1793,1087,171,塘博村
1794,1088,450,政通社区
1795,1089,154,麻西社区
1796,1090,1,草苏村
1797,1090,2,陈屋港村
1798,1090,3,农场村
1799,1090,6,中华街道
1800,1090,449,云头上村
1801,1090,451,谢家村
1802,1090,452,云头下村
1803,1091,2,陈屋港村
1804,1092,11,沙湾街道
1805,1093,428,福民社区
1806,1093,429,麻章社区
1807,1093,450,政通社区
1808,1094,164,坡头社区
1809,1094,165,麻登村
1810,1094,171,塘博村
1811,1095,450,政通社区
1812,1096,6,中华街道
1813,1097,4,百姓村
1814,1098,154,麻西社区
1815,1099,4,百姓村
1816,1100,156,麻东村
1817,1100,165,麻登村
1818,1100,171,塘博村
1819,1101,450,政通社区
1820,1102,4,百姓村
1821,1103,156,麻东村
1822,1104,156,麻东村
1823,1105,155,林口村
1824,1105,156,麻东村
1825,1106,155,林口村
1826,1106,156,麻东村
1827,1107,154,麻西社区
1828,1107,155,林口村
1829,1108,154,麻西社区
1830,1108,155,林口村
1831,1109,154,麻西社区
1832,1110,154,麻西社区
1833,1111,423,鸭曹村
1834,1111,428,福民社区
1835,1112,423,鸭曹村
1836,1113,4,百姓村
1837,1114,11,沙湾街道
1838,1115,6,中华街道
1839,1115,449,云头上村
1840,1115,450,政通社区
1841,1116,4,百姓村
1842,1117,450,政通社区
1843,1118,11,沙湾街道
1844,1119,423,鸭曹村
1845,1119,438,南赤村
1846,1120,12,海萍村
1847,1121,4,百姓村
1848,1122,11,沙湾街道
1849,1123,165,麻登村
1850,1123,171,塘博村
1851,1124,11,沙湾街道
1852,1125,3,农场村
1853,1125,6,中华街道
1854,1126,428,福民社区
1855,1126,429,麻章社区
1856,1127,154,麻西社区
1857,1128,4,百姓村
1858,1129,428,福民社区
1859,1130,6,中华街道
1860,1131,154,麻西社区
1861,1132,423,鸭曹村
1862,1133,155,林口村
1863,1133,156,麻东村
1864,1134,155,林口村
1865,1135,6,中华街道
1866,1135,21,寸金街道
1867,1135,451,谢家村
1868,1136,154,麻西社区
1869,1137,4,百姓村
1870,1138,450,政通社区
1871,1139,165,麻登村
1872,1140,423,鸭曹村
1873,1140,428,福民社区
1874,1141,450,政通社区
1875,1142,154,麻西社区
1876,1143,154,麻西社区
1877,1144,154,麻西社区
1878,1145,423,鸭曹村
1879,1146,423,鸭曹村
1880,1147,164,坡头社区
1881,1147,165,麻登村
1882,1148,450,政通社区
1883,1149,3,农场村
1884,1149,6,中华街道
1885,1150,154,麻西社区
1886,1151,12,海萍村
1887,1152,6,中华街道
1888,1153,165,麻登村
1889,1154,6,中华街道
1890,1154,21,寸金街道
1891,1154,449,云头上村
1892,1154,450,政通社区
1893,1154,451,谢家村
1894,1155,11,沙湾街道
1895,1156,12,海萍村
1896,1157,13,中山街道
1897,1158,154,麻西社区
1898,1159,154,麻西社区
1899,1160,11,沙湾街道
1900,1161,12,海萍村
1901,1162,5,东园村
1902,1163,11,沙湾街道
1903,1164,13,中山街道
1904,1165,13,中山街道
1905,1166,11,沙湾街道
1906,1167,12,海萍村
1907,1168,15,民主街道
1908,1169,165,麻登村
1909,1170,154,麻西社区
1910,1171,423,鸭曹村
1911,1171,438,南赤村
1912,1172,6,中华街道
1913,1173,11,沙湾街道
1914,1174,165,麻登村
1915,1174,167,岑霞村
1916,1175,4,百姓村
1917,1176,423,鸭曹村
1918,1177,4,百姓村
1919,1178,4,百姓村
1920,1179,6,中华街道
1921,1180,156,麻东村
1922,1181,156,麻东村
1923,1182,156,麻东村
1924,1183,155,林口村
1925,1183,156,麻东村
1926,1184,155,林口村
1927,1185,155,林口村
1928,1186,155,林口村
1929,1187,154,麻西社区
1930,1187,155,林口村
1931,1188,154,麻西社区
1932,1188,155,林口村
1933,1189,154,麻西社区
1934,1189,155,林口村
1935,1190,154,麻西社区
1936,1191,12,海萍村
1937,1192,438,南赤村
1938,1193,154,麻西社区
1939,1193,155,林口村
1940,1194,154,麻西社区
1941,1195,438,南赤村
1942,1196,428,福民社区
1943,1196,429,麻章社区
1944,1197,6,中华街道
1945,1198,156,麻东村
1946,1198,165,麻登村
1947,1198,171,塘博村
1948,1199,6,中华街道
1949,1200,154,麻西社区
1950,1200,155,林口村
1951,1201,165,麻登村
1952,1202,423,鸭曹村
1953,1203,154,麻西社区
1954,1203,155,林口村
1955,1204,6,中华街道
1956,1205,6,中华街道
1957,1206,154,麻西社区
1958,1206,155,林口村
1959,1207,6,中华街道
1960,1208,450,政通社区
1961,1209,165,麻登村
1962,1210,13,中山街道
1963,1211,423,鸭曹村
1964,1212,154,麻西社区
1965,1212,155,林口村
1966,1213,13,中山街道
1967,1214,11,沙湾街道
1968,1215,12,海萍村
1969,1216,11,沙湾街道
1970,1217,6,中华街道
1971,1218,444,瑞景社区
1972,1219,450,政通社区
1973,1220,165,麻登村
1974,1221,6,中华街道
1975,1222,165,麻登村
1976,1223,428,福民社区
1977,1224,154,麻西社区
1978,1224,155,林口村
1979,1225,423,鸭曹村
1980,1225,438,南赤村
1981,1226,13,中山街道
1982,1227,11,沙湾街道
1983,1228,6,中华街道
1984,1229,428,福民社区
1985,1230,156,麻东村
1986,1231,156,麻东村
1987,1232,156,麻东村
1988,1233,155,林口村
1989,1233,156,麻东村
1990,1234,155,林口村
1991,1235,155,林口村
1992,1236,155,林口村
1993,1237,155,林口村
1994,1238,154,麻西社区
1995,1238,155,林口村
1996,1239,165,麻登村
1997,1240,21,寸金街道
1998,1241,12,海萍村
1999,1241,15,民主街道
2000,1242,6,中华街道
2001,1243,21,寸金街道
2002,1243,450,政通社区
2003,1244,15,民主街道
2004,1245,11,沙湾街道
2005,1246,445,金川社区
2006,1247,12,海萍村
2007,1248,13,中山街道
2008,1249,6,中华街道
2009,1250,6,中华街道
2010,1251,5,东园村
2011,1252,5,东园村
2012,1253,12,海萍村
2013,1254,6,中华街道
2014,1254,21,寸金街道
2015,1255,6,中华街道
2016,1256,165,麻登村
2017,1257,5,东园村
2018,1258,13,中山街道
2019,1259,445,金川社区
2020,1260,15,民主街道
2021,1261,11,沙湾街道
2022,1262,15,民主街道
2023,1263,156,麻东村
2024,1264,156,麻东村
2025,1265,156,麻东村
2026,1266,155,林口村
2027,1266,156,麻东村
2028,1267,155,林口村
2029,1267,156,麻东村
2030,1268,155,林口村
2031,1269,155,林口村
2032,1270,155,林口村
2033,1271,155,林口村
2034,1272,155,林口村
2035,1273,155,林口村
2036,1274,12,海萍村
2037,1274,15,民主街道
2038,1275,15,民主街道
2039,1276,13,中山街道
2040,1277,6,中华街道
2041,1277,21,寸金街道
2042,1278,21,寸金街道
2043,1279,6,中华街道
2044,1279,21,寸金街道
2045,1280,21,寸金街道
2046,1281,21,寸金街道
2047,1282,165,麻登村
2048,1283,13,中山街道
2049,1284,11,沙湾街道
2050,1285,19,调顺村
2051,1286,13,中山街道
2052,1287,445,金川社区
2053,1288,21,寸金街道
2054,1289,15,民主街道
2055,1290,445,金川社区
2056,1291,21,寸金街道
2057,1291,450,政通社区
2058,1292,15,民主街道
2059,1293,15,民主街道
2060,1294,13,中山街道
2061,1295,155,林口村
2062,1296,155,林口村
2063,1297,156,麻东村
2064,1298,156,麻东村
2065,1299,156,麻东村
2066,1300,155,林口村
2067,1300,156,麻东村
2068,1301,13,中山街道
2069,1301,21,寸金街道
2070,1302,155,林口村
2071,1303,155,林口村
2072,1304,155,林口村
2073,1305,15,民主街道
2074,1306,21,寸金街道
2075,1307,13,中山街道
2076,1308,7,泉庄街道
2077,1308,11,沙湾街道
2078,1308,19,调顺村
2079,1309,19,调顺村
2080,1310,155,林口村
2081,1311,21,寸金街道
2082,1311,443,赤岭村
2083,1311,444,瑞景社区
2084,1312,444,瑞景社区
2085,1313,21,寸金街道
2086,1314,15,民主街道
2087,1315,444,瑞景社区
2088,1316,444,瑞景社区
2089,1317,15,民主街道
2090,1318,19,调顺村
2091,1319,21,寸金街道
2092,1320,19,调顺村
2093,1321,15,民主街道
2094,1322,15,民主街道
2095,1322,19,调顺村
2096,1323,155,林口村
2097,1324,11,沙湾街道
2098,1324,19,调顺村
2099,1325,15,民主街道
2100,1326,165,麻登村
2101,1327,165,麻登村
2102,1328,13,中山街道
2103,1329,13,中山街道
2104,1330,13,中山街道
2105,1331,423,鸭曹村
2106,1331,443,赤岭村
2107,1332,423,鸭曹村
2108,1332,443,赤岭村
2109,1333,13,中山街道
2110,1334,423,鸭曹村
2111,1334,438,南赤村
2112,1334,443,赤岭村
2113,1335,155,林口村
2114,1336,438,南赤村
2115,1336,443,赤岭村
2116,1337,155,林口村
2117,1338,155,林口村
2118,1339,155,林口村
2119,1340,19,调顺村
2120,1341,13,中山街道
2121,1342,21,寸金街道
2122,1343,15,民主街道
2123,1344,165,麻登村
2124,1344,167,岑霞村
2125,1345,13,中山街道
2126,1346,21,寸金街道
2127,1347,21,寸金街道
2128,1348,165,麻登村
2129,1349,13,中山街道
2130,1350,155,林口村
2131,1351,21,寸金街道
2132,1352,443,赤岭村
2133,1353,155,林口村
2134,1354,13,中山街道
2135,1355,19,调顺村
2136,1356,11,沙湾街道
2137,1356,19,调顺村
2138,1357,155,林口村
2139,1358,155,林口村
2140,1359,21,寸金街道
2141,1359,22,文章村
2142,1360,19,调顺村
2143,1361,155,林口村
2144,1362,155,林口村
2145,1363,165,麻登村
2146,1364,443,赤岭村
2147,1365,155,林口村
2148,1366,443,赤岭村
2149,1367,155,林口村
2150,1367,156,麻东村
2151,1368,165,麻登村
2152,1369,443,赤岭村
2153,1370,443,赤岭村
2154,1371,155,林口村
2155,1371,156,麻东村
2156,1372,21,寸金街道
2157,1373,155,林口村
2158,1374,156,麻东村
2159,1375,156,麻东村
2160,1375,165,麻登村
2161,1376,155,林口村
2162,1377,155,林口村
2163,1378,21,寸金街道
2164,1379,19,调顺村
2165,1380,443,赤岭村
2166,1381,19,调顺村
2167,1382,21,寸金街道
2168,1383,165,麻登村
2169,1384,443,赤岭村
2170,1385,443,赤岭村
2171,1386,15,民主街道
2172,1386,19,调顺村
2173,1387,21,寸金街道
2174,1388,21,寸金街道
2175,1388,22,文章村
2176,1389,21,寸金街道
2177,1389,22,文章村
2178,1389,443,赤岭村
2179,1390,21,寸金街道
2180,1390,443,赤岭村
2181,1391,19,调顺村
2182,1392,165,麻登村
2183,1393,155,林口村
2184,1394,155,林口村
2185,1395,156,麻东村
2186,1396,19,调顺村
2187,1397,19,调顺村
2188,1398,21,寸金街道
2189,1398,22,文章村
2190,1399,21,寸金街道
2191,1399,22,文章村
2192,1400,155,林口村
2193,1401,19,调顺村
2194,1402,165,麻登村
2195,1403,155,林口村
2196,1404,19,调顺村
2197,1405,155,林口村
2198,1405,156,麻东村
2199,1406,155,林口村
2200,1407,165,麻登村
2201,1408,156,麻东村
2202,1409,15,民主街道
2203,1410,19,调顺村
2204,1411,155,林口村
2205,1412,13,中山街道
2206,1412,14,后坑村
2207,1413,19,调顺村
2208,1414,16,福建村
2209,1414,21,寸金街道
2210,1415,443,赤岭村
2211,1416,443,赤岭村
2212,1417,443,赤岭村
2213,1418,155,林口村
2214,1419,155,林口村
2215,1420,155,林口村
2216,1420,156,麻东村
2217,1421,155,林口村
2218,1422,13,中山街道
2219,1422,21,寸金街道
2220,1423,19,调顺村
2221,1424,22,文章村
2222,1424,443,赤岭村
2223,1425,443,赤岭村
2224,1426,443,赤岭村
2225,1427,443,赤岭村
2226,1428,443,赤岭村
2227,1429,165,麻登村
2228,1429,167,岑霞村
2229,1430,155,林口村
2230,1431,155,林口村
2231,1432,155,林口村
2232,1432,156,麻东村
2233,1433,15,民主街道
2234,1434,22,文章村
2235,1435,19,调顺村
2236,1436,443,赤岭村
2237,1437,165,麻登村
2238,1438,19,调顺村
2239,1439,155,林口村
2240,1440,155,林口村
2241,1441,155,林口村
2242,1442,19,调顺村
2243,1443,15,民主街道
2244,1444,19,调顺村
2245,1445,16,福建村
2246,1445,21,寸金街道
2247,1445,22,文章村
2248,1446,165,麻登村
2249,1446,167,岑霞村
2250,1447,19,调顺村
2251,1448,16,福建村
2252,1448,22,文章村
2253,1448,23,金田村
2254,1449,443,赤岭村
2255,1450,155,林口村
2256,1451,165,麻登村
2257,1451,167,岑霞村
2258,1452,19,调顺村
2259,1453,21,寸金街道
2260,1453,22,文章村
2261,1453,23,金田村
2262,1454,19,调顺村
2263,1455,165,麻登村
2264,1456,15,民主街道
2265,1457,443,赤岭村
2266,1458,438,南赤村
2267,1458,443,赤岭村
2268,1459,165,麻登村
2269,1460,165,麻登村
2270,1460,167,岑霞村
2271,1461,165,麻登村
2272,1462,19,调顺村
2273,1463,19,调顺村
2274,1464,19,调顺村
2275,1465,19,调顺村
2276,1466,19,调顺村
2277,1467,165,麻登村
2278,1467,167,岑霞村
2279,1468,19,调顺村
2280,1469,15,民主街道
2281,1470,19,调顺村
2282,1471,165,麻登村
2283,1471,167,岑霞村
2284,1472,155,林口村
2285,1473,13,中山街道
2286,1473,14,后坑村
2287,1473,15,民主街道
2288,1474,19,调顺村
2289,1475,13,中山街道
2290,1475,14,后坑村
2291,1475,16,福建村
2292,1476,443,赤岭村
2293,1477,167,岑霞村
2294,1478,443,赤岭村
2295,1479,443,赤岭村
2296,1480,11,沙湾街道
2297,1480,19,调顺村
2298,1481,19,调顺村
2299,1482,443,赤岭村
2300,1483,165,麻登村
2301,1483,167,岑霞村
2302,1484,22,文章村
2303,1484,23,金田村
2304,1485,19,调顺村
2305,1486,443,赤岭村
2306,1487,165,麻登村
2307,1488,443,赤岭村
2308,1489,19,调顺村
2309,1490,165,麻登村
2310,1491,438,南赤村
2311,1491,443,赤岭村
2312,1492,16,福建村
2313,1492,22,文章村
2314,1492,23,金田村
2315,1493,15,民主街道
2316,1494,22,文章村
2317,1494,23,金田村
2318,1495,16,福建村
2319,1496,165,麻登村
2320,1497,165,麻登村
2321,1497,167,岑霞村
2322,1498,19,调顺村
2323,1499,165,麻登村
2324,1500,443,赤岭村
2325,1501,19,调顺村
2326,1502,19,调顺村
2327,1503,165,麻登村
2328,1504,443,赤岭村
2329,1505,204,莫村村
2330,1506,19,调顺村
2331,1507,22,文章村
2332,1507,23,金田村
2333,1508,19,调顺村
2334,1509,15,民主街道
2335,1510,165,麻登村
2336,1511,16,福建村
2337,1512,19,调顺村
2338,1513,14,后坑村
2339,1513,18,东山村
2340,1514,443,赤岭村
2341,1515,15,民主街道
2342,1515,19,调顺村
2343,1516,14,后坑村
2344,1516,17,大埠村
2345,1516,18,东山村
2346,1517,19,调顺村
2347,1518,19,调顺村
2348,1519,19,调顺村
2349,1520,19,调顺村
2350,1521,165,麻登村
2351,1522,165,麻登村
2352,1523,13,中山街道
2353,1523,14,后坑村
2354,1523,16,福建村
2355,1524,165,麻登村
2356,1525,19,调顺村
2357,1526,19,调顺村
2358,1527,19,调顺村
2359,1528,443,赤岭村
2360,1529,165,麻登村
2361,1530,443,赤岭村
2362,1531,443,赤岭村
2363,1532,15,民主街道
2364,1533,19,调顺村
2365,1534,443,赤岭村
2366,1535,22,文章村
2367,1535,23,金田村
2368,1535,24,新坡村
2369,1535,443,赤岭村
2370,1536,19,调顺村
2371,1537,165,麻登村
2372,1538,19,调顺村
2373,1539,14,后坑村
2374,1539,16,福建村
2375,1539,18,东山村
2376,1540,23,金田村
2377,1540,24,新坡村
2378,1540,443,赤岭村
2379,1541,15,民主街道
2380,1541,17,大埠村
2381,1541,18,东山村
2382,1542,23,金田村
2383,1542,24,新坡村
2384,1543,204,莫村村
2385,1544,443,赤岭村
2386,1545,19,调顺村
2387,1546,19,调顺村
2388,1547,19,调顺村
2389,1548,19,调顺村
2390,1549,165,麻登村
2391,1550,204,莫村村
2392,1551,443,赤岭村
2393,1552,19,调顺村
2394,1553,165,麻登村
2395,1553,167,岑霞村
2396,1554,165,麻登村
2397,1555,165,麻登村
2398,1556,443,赤岭村
2399,1557,19,调顺村
2400,1558,19,调顺村
2401,1559,19,调顺村
2402,1560,19,调顺村
2403,1561,19,调顺村
2404,1562,204,莫村村
2405,1563,443,赤岭村
2406,1564,165,麻登村
2407,1564,167,岑霞村
2408,1565,16,福建村
2409,1565,23,金田村
2410,1565,24,新坡村
2411,1566,16,福建村
2412,1567,167,岑霞村
2413,1568,204,莫村村
2414,1569,167,岑霞村
2415,1570,204,莫村村
2416,1571,438,南赤村
2417,1571,440,甘林村
2418,1571,443,赤岭村
2419,1572,24,新坡村
2420,1572,443,赤岭村
2421,1573,165,麻登村
2422,1573,167,岑霞村
2423,1574,204,莫村村
2424,1575,17,大埠村
2425,1575,19,调顺村
2426,1576,16,福建村
2427,1576,18,东山村
2428,1577,16,福建村
2429,1577,23,金田村
2430,1577,24,新坡村
2431,1577,25,丰厚村
2432,1578,167,岑霞村
2433,1579,443,赤岭村
2434,1580,204,莫村村
2435,1581,19,调顺村
2436,1582,19,调顺村
2437,1583,167,岑霞村
2438,1584,204,莫村村
2439,1585,204,莫村村
2440,1586,19,调顺村
2441,1587,17,大埠村
2442,1587,18,东山村
2443,1588,165,麻登村
2444,1588,204,莫村村
2445,1589,165,麻登村
2446,1590,19,调顺村
2447,1591,23,金田村
2448,1591,24,新坡村
2449,1591,443,赤岭村
2450,1592,204,莫村村
2451,1593,204,莫村村
2452,1594,204,莫村村
2453,1595,204,莫村村
2454,1596,167,岑霞村
2455,1597,167,岑霞村
2456,1598,24,新坡村
2457,1598,443,赤岭村
2458,1599,17,大埠村
2459,1599,19,调顺村
2460,1600,441,洋水岭村
2461,1600,443,赤岭村
2462,1601,204,莫村村
2463,1602,438,南赤村
2464,1602,440,甘林村
2465,1603,16,福建村
2466,1603,25,丰厚村
2467,1604,19,调顺村
2468,1605,19,调顺村
2469,1606,19,调顺村
2470,1607,19,调顺村
2471,1608,19,调顺村
2472,1609,19,调顺村
2473,1610,19,调顺村
2474,1611,19,调顺村
2475,1612,167,岑霞村
2476,1613,19,调顺村
2477,1614,204,莫村村
2478,1615,204,莫村村
2479,1616,17,大埠村
2480,1617,204,莫村村
2481,1618,204,莫村村
2482,1619,441,洋水岭村
2483,1620,441,洋水岭村
2484,1620,443,赤岭村
2485,1621,204,莫村村
2486,1622,19,调顺村
2487,1623,17,大埠村
2488,1623,19,调顺村
2489,1624,440,甘林村
2490,1624,441,洋水岭村
2491,1624,443,赤岭村
2492,1625,204,莫村村
2493,1626,204,莫村村
2494,1627,204,莫村村
2495,1628,204,莫村村
2496,1629,204,莫村村
2497,1630,19,调顺村
2498,1631,167,岑霞村
2499,1632,204,莫村村
2500,1633,165,麻登村
2501,1633,166,民有村
2502,1633,167,岑霞村
2503,1633,168,五合村
2504,1633,170,塘博村
2505,1633,172,高山村
2506,1633,173,前进村
2507,1633,174,新塘村
2508,1633,175,博立村
2509,1633,190,麻新村
2510,1634,19,调顺村
2511,1635,16,福建村
2512,1635,18,东山村
2513,1635,25,丰厚村
2514,1636,19,调顺村
2515,1637,19,调顺村
2516,1638,204,莫村村
2517,1639,204,莫村村
2518,1640,23,金田村
2519,1640,24,新坡村
2520,1641,204,莫村村
2521,1642,19,调顺村
2522,1643,165,麻登村
2523,1644,19,调顺村
2524,1645,17,大埠村
2525,1645,18,东山村
2526,1646,19,调顺村
2527,1647,165,麻登村
2528,1647,167,岑霞村
2529,1648,204,莫村村
2530,1649,19,调顺村
2531,1650,24,新坡村
2532,1650,443,赤岭村
2533,1651,204,莫村村
2534,1652,204,莫村村
2535,1653,19,调顺村
2536,1654,19,调顺村
2537,1655,441,洋水岭村
2538,1655,443,赤岭村
2539,1656,17,大埠村
2540,1657,204,莫村村
2541,1658,204,莫村村
2542,1659,440,甘林村
2543,1659,441,洋水岭村
2544,1660,17,大埠村
2545,1660,19,调顺村
2546,1661,17,大埠村
2547,1661,19,调顺村
2548,1662,19,调顺村
2549,1663,19,调顺村
2550,1664,19,调顺村
2551,1665,204,莫村村
2552,1666,16,福建村
2553,1666,24,新坡村
2554,1666,25,丰厚村
2555,1667,19,调顺村
2556,1668,19,调顺村
2557,1669,204,莫村村
2558,1670,24,新坡村
2559,1670,441,洋水岭村
2560,1670,442,洋水岭村
2561,1670,443,赤岭村
2562,1671,204,莫村村
2563,1672,204,莫村村
2564,1673,24,新坡村
2565,1674,204,莫村村
2566,1675,204,莫村村
2567,1676,204,莫村村
2568,1677,19,调顺村
2569,1678,204,莫村村
2570,1679,19,调顺村
2571,1680,19,调顺村
2572,1681,19,调顺村
2573,1682,204,莫村村
2574,1683,204,莫村村
2575,1683,209,龙头社区
2576,1684,204,莫村村
2577,1685,204,莫村村
2578,1686,204,莫村村
2579,1687,204,莫村村
2580,1688,19,调顺村
2581,1689,19,调顺村
2582,1690,204,莫村村
2583,1691,19,调顺村
2584,1692,19,调顺村
2585,1693,19,调顺村
2586,1694,204,莫村村
2587,1695,204,莫村村
2588,1696,204,莫村村
2589,1697,204,莫村村
2590,1698,17,大埠村
2591,1698,18,东山村
2592,1699,204,莫村村
2593,1700,19,调顺村
2594,1701,19,调顺村
2595,1702,18,东山村
2596,1702,25,丰厚村
2597,1703,17,大埠村
2598,1703,18,东山村
2599,1704,204,莫村村
2600,1705,17,大埠村
2601,1706,204,莫村村
2602,1707,19,调顺村
2603,1708,19,调顺村
2604,1709,19,调顺村
2605,1710,165,麻登村
2606,1710,167,岑霞村
2607,1711,204,莫村村
2608,1712,204,莫村村
2609,1713,19,调顺村
2610,1714,17,大埠村
2611,1714,19,调顺村
2612,1715,204,莫村村
2613,1716,204,莫村村
2614,1717,204,莫村村
2615,1718,204,莫村村
2616,1719,204,莫村村
2617,1720,204,莫村村
2618,1721,17,大埠村
2619,1721,19,调顺村
2620,1722,204,莫村村
2621,1723,204,莫村村
2622,1724,24,新坡村
2623,1725,204,莫村村
2624,1726,24,新坡村
2625,1726,25,丰厚村
2626,1727,204,莫村村
2627,1728,19,调顺村
2628,1729,204,莫村村
2629,1730,204,莫村村
2630,1730,208,泉井村
2631,1731,204,莫村村
2632,1732,204,莫村村
2633,1733,204,莫村村
2634,1733,209,龙头社区
2635,1734,204,莫村村
2636,1735,19,调顺村
2637,1736,19,调顺村
2638,1737,19,调顺村
2639,1738,19,调顺村
2640,1739,19,调顺村
2641,1740,18,东山村
2642,1740,20,大埠村
2643,1741,204,莫村村
2644,1742,204,莫村村
2645,1742,208,泉井村
2646,1743,204,莫村村
2647,1743,208,泉井村
2648,1744,207,山塘村
2649,1745,204,莫村村
2650,1746,204,莫村村
2651,1747,204,莫村村
2652,1748,204,莫村村
2653,1749,19,调顺村
2654,1750,207,山塘村
2655,1751,17,大埠村
2656,1751,19,调顺村
2657,1751,20,大埠村
2658,1752,19,调顺村
2659,1753,204,莫村村
2660,1754,204,莫村村
2661,1755,207,山塘村
2662,1756,17,大埠村
2663,1756,19,调顺村
2664,1757,207,山塘村
2665,1758,204,莫村村
2666,1758,208,泉井村
2667,1759,204,莫村村
2668,1759,208,泉井村
2669,1760,204,莫村村
2670,1760,209,龙头社区
2671,1761,207,山塘村
2672,1762,207,山塘村
2673,1763,207,山塘村
2674,1764,204,莫村村
2675,1765,204,莫村村
2676,1766,19,调顺村
2677,1767,19,调顺村
2678,1768,19,调顺村
2679,1769,19,调顺村
2680,1770,165,麻登村
2681,1770,204,莫村村
2682,1770,208,泉井村
2683,1771,207,山塘村
2684,1772,17,大埠村
2685,1772,18,东山村
2686,1772,19,调顺村
2687,1772,20,大埠村
2688,1773,204,莫村村
2689,1774,207,山塘村
2690,1775,204,莫村村
2691,1775,208,泉井村
2692,1776,207,山塘村
2693,1777,204,莫村村
2694,1778,24,新坡村
2695,1779,19,调顺村
2696,1780,204,莫村村
2697,1781,207,山塘村
2698,1782,207,山塘村
2699,1783,207,山塘村
2700,1784,19,调顺村
2701,1784,20,大埠村
2702,1786,18,东山村
2703,1786,20,大埠村
2704,1786,25,丰厚村
2705,1787,207,山塘村
2706,1787,209,龙头社区
2707,1788,207,山塘村
2708,1789,207,山塘村
2709,1790,204,莫村村
2710,1790,208,泉井村
2711,1791,204,莫村村
2712,1792,206,绿水村
2713,1792,207,山塘村
2714,1792,209,龙头社区
2715,1793,204,莫村村
2716,1794,207,山塘村
2717,1795,207,山塘村
2718,1796,207,山塘村
2719,1797,206,绿水村
2720,1797,207,山塘村
2721,1798,207,山塘村
2722,1799,207,山塘村
2723,1804,206,绿水村
2724,1805,207,山塘村
2725,1806,207,山塘村
2726,1807,206,绿水村
2727,1807,207,山塘村
2728,1808,207,山塘村
2729,1809,207,山塘村
2730,1811,207,山塘村
2731,1812,206,绿水村
2732,1812,207,山塘村
2733,1813,19,调顺村
2734,1814,207,山塘村
2735,1815,207,山塘村
2736,1816,207,山塘村
2737,1817,207,山塘村
2738,1818,207,山塘村
2739,1819,207,山塘村
2740,1819,209,龙头社区
2741,1820,207,山塘村
2742,1821,207,山塘村
2743,1822,207,山塘村
2744,1823,204,莫村村
2745,1823,208,泉井村
2746,1824,207,山塘村
2747,1825,207,山塘村
2748,1826,206,绿水村
2749,1826,207,山塘村
2750,1827,206,绿水村
2751,1828,206,绿水村
2752,1828,209,龙头社区
2753,1829,204,莫村村
2754,1829,205,石窝村
2755,1829,209,龙头社区
2756,1830,200,邓屋村
2757,1830,204,莫村村
2758,1830,205,石窝村
2759,1830,208,泉井村
2760,1831,206,绿水村
2761,1831,207,山塘村
2762,1831,212,麻俸村
2763,1832,212,麻俸村
2764,1833,212,麻俸村
2765,1834,206,绿水村
2766,1834,207,山塘村
2767,1835,212,麻俸村
2768,1836,206,绿水村
2769,1836,212,麻俸村
2770,1837,206,绿水村
2771,1837,212,麻俸村
2772,1838,212,麻俸村
2773,1839,206,绿水村
2774,1840,212,麻俸村
2775,1841,212,麻俸村
2776,1842,212,麻俸村
2777,1843,205,石窝村
2778,1843,206,绿水村
2779,1844,212,麻俸村
2780,1845,206,绿水村
2781,1846,212,麻俸村
2782,1847,212,麻俸村
2783,1848,212,麻俸村
2784,1849,206,绿水村
2785,1849,213,大龙村
2786,1850,212,麻俸村
2787,1851,212,麻俸村
2788,1852,212,麻俸村
2789,1853,212,麻俸村
2790,1854,206,绿水村
2791,1854,212,麻俸村
2792,1854,213,大龙村
2793,1855,206,绿水村
2794,1855,213,大龙村
2795,1856,212,麻俸村
2796,1857,212,麻俸村
2797,1858,212,麻俸村
2798,1859,212,麻俸村
2799,1860,212,麻俸村
2800,1861,206,绿水村
2801,1861,213,大龙村
2802,1862,206,绿水村
2803,1862,212,麻俸村
2804,1863,212,麻俸村
2805,1864,212,麻俸村
2806,1865,212,麻俸村
2807,1865,213,大龙村
2808,1866,206,绿水村
2809,1866,213,大龙村
2810,1867,212,麻俸村
2811,1868,212,麻俸村
2812,1869,213,大龙村
2813,1870,212,麻俸村
2814,1871,212,麻俸村
2815,1872,212,麻俸村
2816,1873,212,麻俸村
2817,1874,206,绿水村
2818,1874,213,大龙村
2819,1875,212,麻俸村
2820,1875,213,大龙村
2821,1876,212,麻俸村
2822,1877,205,石窝村
2823,1877,206,绿水村
2824,1877,213,大龙村
2825,1878,212,麻俸村
2826,1879,213,大龙村
2827,1880,212,麻俸村
2828,1881,212,麻俸村
2829,1882,212,麻俸村
2830,1883,206,绿水村
2831,1883,213,大龙村
2832,1884,212,麻俸村
2833,1884,213,大龙村
2834,1885,165,麻登村
2835,1885,167,岑霞村
2836,1885,199,龙头村
2837,1885,200,邓屋村
2838,1885,204,莫村村
2839,1885,208,泉井村
2840,1886,212,麻俸村
2841,1886,213,大龙村
2842,1887,212,麻俸村
2843,1888,213,大龙村
2844,1889,212,麻俸村
2845,1890,212,麻俸村
2846,1891,212,麻俸村
2847,1891,213,大龙村
2848,1892,212,麻俸村
2849,1892,213,大龙村
2850,1893,213,大龙村
2851,1894,205,石窝村
2852,1894,206,绿水村
2853,1894,213,大龙村
2854,1895,212,麻俸村
2855,1895,213,大龙村
2856,1896,212,麻俸村
2857,1897,212,麻俸村
2858,1897,213,大龙村
2859,1898,212,麻俸村
2860,1899,213,大龙村
2861,1900,212,麻俸村
2862,1901,199,龙头村
2863,1901,200,邓屋村
2864,1901,205,石窝村
2865,1901,208,泉井村
2866,1901,210,上圩村
2867,1902,212,麻俸村
2868,1902,213,大龙村
2869,1903,206,绿水村
2870,1903,207,山塘村
2871,1903,212,麻俸村
2872,1904,213,大龙村
2873,1905,212,麻俸村
2874,1906,212,麻俸村
2875,1906,213,大龙村
2876,1907,213,大龙村
2877,1907,216,潭村村
2878,1908,206,绿水村
2879,1908,210,上圩村
2880,1908,213,大龙村
2881,1908,216,潭村村
2882,1909,213,大龙村
2883,1909,216,潭村村
2884,1910,212,麻俸村
2885,1910,213,大龙村
2886,1911,211,官渡社区
2887,1911,212,麻俸村
2888,1911,213,大龙村
2889,1911,216,潭村村
2890,1912,199,龙头村
2891,1912,205,石窝村
2892,1912,206,绿水村
2893,1912,210,上圩村
2894,1913,211,官渡社区
2895,1913,212,麻俸村
2896,1913,213,大龙村
2897,1913,214,东岸村
2898,1913,216,潭村村
